{"global_step": 493876, "_timestamp": 1684702500.0678442, "logger/reward": 2.2000000779454076e-11, "rollout/ep_len_mean": 15433.625, "rollout/ep_rew_mean": -138.3710174560547, "rollout/exploration_rate": 0.05000000074505806, "time/fps": 703.0, "train/learning_rate": 9.999999747378752e-05, "train/loss": 0.033407509326934814, "_runtime": 710.3264122009277, "_step": 7, "_wandb": {"runtime": 718}}