{"global_step": 493876, "_timestamp": 1684762505.08548, "logger/tb_logging": -68.9637680053711, "rollout/ep_len_mean": 15433.625, "rollout/ep_rew_mean": -133.27731323242188, "rollout/exploration_rate": 0.05000000074505806, "time/fps": 706.0, "_runtime": 708.4271080493927, "_step": 31, "train/learning_rate": 9.999999747378752e-05, "train/loss": 0.0022461346816271544, "_wandb": {"runtime": 716}}