{"global_step": 107414, "_timestamp": 1684769447.2861, "logger/episode_avg_trade_pnl": -0.00027876542299054563, "logger/episode_pnl": -3.7047922611236572, "logger/episode_reward": -175.94094848632812, "rollout/ep_len_mean": 15344.857421875, "rollout/ep_rew_mean": -266.2542724609375, "rollout/exploration_rate": 0.05000000074505806, "time/fps": 996.0, "_runtime": 116.99657392501831, "_step": 6, "train/learning_rate": 9.999999747378752e-05, "train/loss": 0.003714346094056964, "_wandb": {"runtime": 126}}