{"global_step": 153203, "_timestamp": 1684769301.533449, "logger/episode_avg_trade_pnl": -0.0002463909040670842, "logger/episode_pnl": -2.818711996078491, "logger/episode_reward": -99.94935607910156, "rollout/ep_len_mean": 15320.2998046875, "rollout/ep_rew_mean": -219.86380004882812, "rollout/exploration_rate": 0.05000000074505806, "time/fps": 781.0, "_runtime": 205.81913089752197, "_step": 9, "train/learning_rate": 9.999999747378752e-05, "train/loss": 0.002333344891667366, "_wandb": {"runtime": 219}}