{"global_step": 493876, "_timestamp": 1684694736.3926558, "rollout/ep_len_mean": 15433.625, "rollout/ep_rew_mean": -154.21307373046875, "rollout/exploration_rate": 0.05000000074505806, "time/fps": 662.0, "train/learning_rate": 9.999999747378752e-05, "train/loss": 0.0070894621312618256, "_runtime": 753.7114958763123, "_step": 8, "gradients/q_net.q_net.4.bias": {"_type": "histogram", "values": [1.0, 0.0, 0.0, 0.0, 0.0, 0.0, 0.0, 0.0, 0.0, 0.0, 0.0, 0.0, 1.0, 0.0, 1.0, 0.0, 0.0, 0.0, 0.0, 0.0, 0.0, 0.0, 0.0, 1.0, 1.0, 0.0, 4.0, 0.0, 1.0, 0.0, 0.0, 0.0, 0.0, 3.0, 0.0, 0.0, 0.0, 0.0, 0.0, 0.0, 0.0, 1.0, 1.0, 0.0, 0.0, 1.0, 0.0, 0.0, 0.0, 0.0, 0.0, 0.0, 0.0, 0.0, 0.0, 0.0, 0.0, 0.0, 0.0, 0.0, 0.0, 0.0, 0.0, 1.0], "bins": [-0.013452349230647087, -0.013052224181592464, -0.012652099132537842, -0.01225197408348322, -0.011851849034428596, -0.011451723985373974, -0.011051598936319351, -0.010651473887264729, -0.010251348838210106, -0.009851223789155483, -0.00945109874010086, -0.009050974622368813, -0.008650848641991615, -0.008250724524259567, -0.00785059854388237, -0.007450473960489035, -0.007050348911434412, -0.006650223862379789, -0.006250098813325167, -0.005849973764270544, -0.005449849180877209, -0.005049724131822586, -0.004649599082767963, -0.004249474033713341, -0.003849348984658718, -0.0034492239356040955, -0.003049098886549473, -0.00264897383749485, -0.0022488487884402275, -0.0018487237393856049, -0.0014485986903309822, -0.0010484736412763596, -0.0006483485922217369, -0.00024822354316711426, 0.0001519015058875084, 0.000552026554942131, 0.0009521516039967537, 0.0013522766530513763, 0.001752401702105999, 0.0021525267511606216, 0.0025526518002152443, 0.002952776849269867, 0.0033529018983244896, 0.0037530269473791122, 0.004153151996433735, 0.00455327657982707, 0.004953401628881693, 0.0053535266779363155, 0.005753651726990938, 0.006153776776045561, 0.0065539018251001835, 0.006954026874154806, 0.007354151923209429, 0.0077542769722640514, 0.008154401555657387, 0.00855452660471201, 0.008954651653766632, 0.009354776702821255, 0.009754901751875877, 0.0101550268009305, 0.010555151849985123, 0.010955276899039745, 0.011355401948094368, 0.01175552699714899, 0.012155652046203613]}, "gradients/q_net.q_net.4.weight": {"_type": "histogram", "values": [1.0, 0.0, 0.0, 0.0, 0.0, 0.0, 0.0, 2.0, 1.0, 1.0, 2.0, 1.0, 1.0, 2.0, 1.0, 0.0, 2.0, 2.0, 1.0, 3.0, 5.0, 2.0, 3.0, 3.0, 9.0, 10.0, 9.0, 13.0, 33.0, 934.0, 16.0, 5.0, 6.0, 4.0, 3.0, 2.0, 0.0, 2.0, 0.0, 0.0, 2.0, 0.0, 0.0, 0.0, 0.0, 2.0, 0.0, 0.0, 0.0, 0.0, 0.0, 1.0, 0.0, 0.0, 0.0, 0.0, 0.0, 1.0, 0.0, 0.0, 1.0, 1.0, 0.0, 1.0], "bins": [-0.5294288396835327, -0.5116139650344849, -0.4937991499900818, -0.4759843051433563, -0.45816946029663086, -0.4403546154499054, -0.42253977060317993, -0.4047248959541321, -0.386910080909729, -0.36909520626068115, -0.3512803912162781, -0.3334655165672302, -0.31565067172050476, -0.2978358268737793, -0.28002098202705383, -0.26220613718032837, -0.2443912923336029, -0.22657644748687744, -0.20876160264015198, -0.1909467577934265, -0.17313191294670105, -0.15531706809997559, -0.13750222325325012, -0.11968737840652466, -0.1018725037574768, -0.08405765891075134, -0.06624281406402588, -0.048427969217300415, -0.03061312437057495, -0.012798309326171875, 0.0050165653228759766, 0.022831380367279053, 0.040646255016326904, 0.058461129665374756, 0.07627594470977783, 0.09409081935882568, 0.11190563440322876, 0.12972047924995422, 0.1475353240966797, 0.16535016894340515, 0.18316501379013062, 0.20097988843917847, 0.21879473328590393, 0.2366095781326294, 0.25442442297935486, 0.2722392678260803, 0.2900541126728058, 0.30786895751953125, 0.3256838023662567, 0.3434986472129822, 0.36131349205970764, 0.3791283369064331, 0.39694318175315857, 0.41475802659988403, 0.4325729012489319, 0.45038771629333496, 0.4682025909423828, 0.4860174059867859, 0.5038322806358337, 0.5216470956802368, 0.5394619703292847, 0.5572767853736877, 0.5750916600227356, 0.5929064750671387, 0.6107213497161865]}, "gradients/q_net.q_net.2.bias": {"_type": "histogram", "values": [1.0, 0.0, 1.0, 0.0, 0.0, 0.0, 0.0, 0.0, 2.0, 0.0, 0.0, 0.0, 0.0, 0.0, 0.0, 0.0, 0.0, 0.0, 0.0, 0.0, 0.0, 2.0, 0.0, 0.0, 0.0, 0.0, 1.0, 0.0, 1.0, 0.0, 0.0, 1.0, 1.0, 1.0, 0.0, 0.0, 2.0, 0.0, 0.0, 2.0, 0.0, 0.0, 0.0, 3.0, 32.0, 2.0, 1.0, 1.0, 2.0, 1.0, 1.0, 0.0, 0.0, 0.0, 1.0, 0.0, 1.0, 0.0, 1.0, 1.0, 0.0, 1.0, 0.0, 1.0], "bins": [-0.002046568552032113, -0.00200024270452559, -0.001953916857019067, -0.0019075908930972219, -0.0018612650455906987, -0.0018149390816688538, -0.0017686132341623306, -0.0017222873866558075, -0.0016759615391492844, -0.0016296355752274394, -0.0015833097277209163, -0.0015369837637990713, -0.0014906579162925482, -0.001444332068786025, -0.001398006221279502, -0.0013516803737729788, -0.0013053544098511338, -0.0012590284459292889, -0.0012127025984227657, -0.0011663767509162426, -0.0011200509034097195, -0.0010737250559031963, -0.0010273990919813514, -0.0009810732444748282, -0.0009347472805529833, -0.0008884214330464602, -0.000842095585539937, -0.0007957697380334139, -0.0007494437741115689, -0.0007031179266050458, -0.0006567920790985227, -0.0006104661151766777, -0.0005641401512548327, -0.0005178143037483096, -0.00047148833982646465, -0.0004251624923199415, -0.0003788366448134184, -0.00033251068089157343, -0.0002861848333850503, -0.00023985898587852716, -0.00019353313837200403, -0.00014720717445015907, -0.00010088132694363594, -5.4555421229451895e-05, -8.229515515267849e-06, 3.809633199125528e-05, 8.442223770543933e-05, 0.00013074808521196246, 0.0001770739909261465, 0.00022339989664033055, 0.0002697257441468537, 0.00031605164986103773, 0.00036237749736756086, 0.0004087034030817449, 0.00045502930879592896, 0.0005013551563024521, 0.0005476810620166361, 0.0005940069677308202, 0.0006403328152373433, 0.0006866587209515274, 0.0007329846266657114, 0.0007793104741722345, 0.0008256363798864186, 0.0008719622273929417, 0.0009182881331071258]}, "gradients/q_net.q_net.2.weight": {"_type": "histogram", "values": [1.0, 1.0, 0.0, 0.0, 0.0, 0.0, 1.0, 1.0, 0.0, 0.0, 2.0, 1.0, 0.0, 0.0, 0.0, 0.0, 2.0, 0.0, 0.0, 0.0, 1.0, 1.0, 1.0, 1.0, 0.0, 1.0, 0.0, 1.0, 2.0, 1.0, 1.0, 1.0, 2.0, 2.0, 2.0, 5.0, 0.0, 2.0, 3.0, 6.0, 2.0, 1.0, 10.0, 9.0, 7.0, 21.0, 3957.0, 13.0, 5.0, 6.0, 4.0, 3.0, 2.0, 4.0, 1.0, 2.0, 4.0, 0.0, 0.0, 1.0, 0.0, 1.0, 0.0, 1.0], "bins": [-0.5679498314857483, -0.5557000041007996, -0.543450117111206, -0.5312002897262573, -0.5189504623413086, -0.5067005753517151, -0.49445074796676636, -0.48220089077949524, -0.4699510335922241, -0.4577012062072754, -0.4454513490200043, -0.43320149183273315, -0.4209516644477844, -0.4087018072605133, -0.3964519500732422, -0.38420212268829346, -0.37195226550102234, -0.3597024083137512, -0.3474525809288025, -0.33520272374153137, -0.32295286655426025, -0.3107030391693115, -0.2984531819820404, -0.2862033247947693, -0.27395349740982056, -0.26170364022254944, -0.24945378303527832, -0.2372039258480072, -0.22495409846305847, -0.21270424127578735, -0.20045438408851624, -0.1882045567035675, -0.1759546846151352, -0.16370482742786407, -0.15145500004291534, -0.13920514285564423, -0.1269552856683731, -0.11470545828342438, -0.10245560109615326, -0.09020574390888214, -0.07795588672161102, -0.06570605933666229, -0.053456202149391174, -0.041206344962120056, -0.028956517577171326, -0.016706660389900208, -0.004456818103790283, 0.007793039083480835, 0.02004288136959076, 0.032292723655700684, 0.0445425808429718, 0.056792423129081726, 0.06904228031635284, 0.08129212260246277, 0.09354196488857269, 0.10579181462526321, 0.11804166436195374, 0.13029152154922485, 0.14254136383533478, 0.1547912061214447, 0.16704106330871582, 0.17929090559482574, 0.19154074788093567, 0.2037906050682068, 0.2160404473543167]}, "gradients/q_net.q_net.0.bias": {"_type": "histogram",