{"global_step": 493876, "_timestamp": 1684768886.1373749, "logger/episode_avg_trade_pnl": -0.00019919277110602707, "logger/episode_pnl": -1.6632596254348755, "logger/episode_reward": -71.96272277832031, "rollout/ep_len_mean": 15433.625, "rollout/ep_rew_mean": -129.46392822265625, "rollout/exploration_rate": 0.05000000074505806, "time/fps": 662.0, "_runtime": 755.5324499607086, "_step": 31, "train/learning_rate": 9.999999747378752e-05, "train/loss": 0.003765651723369956, "_wandb": {"runtime": 764}}