{"global_step": 45544, "_timestamp": 1684766607.514545, "logger/episode_avg_trade_pnl": -0.00019896273443009704, "logger/episode_pnl": -3.3545117378234863, "logger/episode_reward": -364.9921569824219, "rollout/ep_len_mean": 15181.3330078125, "rollout/ep_rew_mean": -385.99139404296875, "rollout/exploration_rate": 0.13466399908065796, "time/fps": 2125.0, "_runtime": 30.77604603767395, "_step": 2, "_wandb": {"runtime": 44}}