{"global_step": 138663, "_timestamp": 1684796216.301772, "logger/episode_avg_trade_pnl": 0.00022117971093393862, "logger/episode_pnl": 2.711663246154785, "logger/episode_reward": -78.97137451171875, "rollout/ep_len_mean": 15407.0, "rollout/ep_rew_mean": -234.6378173828125, "rollout/exploration_rate": 0.05000000074505806, "time/fps": 865.0, "train/learning_rate": 9.999999747378752e-05, "train/loss": 0.03773849830031395, "_runtime": 170.35144805908203, "_step": 8, "_wandb": {"runtime": 194}}