{"global_step": 185061, "_timestamp": 1684759739.9907908, "logger/reward": 2.3999999904100733e-11, "rollout/ep_len_mean": 15421.75, "rollout/ep_rew_mean": -199.8798065185547, "rollout/exploration_rate": 0.05000000074505806, "time/fps": 831.0, "train/learning_rate": 9.999999747378752e-05, "train/loss": 0.001740474021062255, "_runtime": 232.2831118106842, "_step": 2, "_wandb": {"runtime": 306}}