{"global_step": 493876, "_timestamp": 1684761386.614343, "logger/tb_logging": -105.98452758789062, "rollout/ep_len_mean": 15433.625, "rollout/ep_rew_mean": -135.86793518066406, "rollout/exploration_rate": 0.05000000074505806, "time/fps": 662.0, "train/learning_rate": 9.999999747378752e-05, "train/loss": 0.012755697593092918, "_runtime": 754.4558730125427, "_step": 7, "_wandb": {"runtime": 763}}