{"global_step": 493876, "_timestamp": 1684765022.454728, "logger/episode_avg_trade_pnl": -0.0003634576278273016, "logger/episode_pnl": -4.056187152862549, "logger/episode_reward": -130.9513702392578, "rollout/ep_len_mean": 15433.625, "rollout/ep_rew_mean": -140.30517578125, "rollout/exploration_rate": 0.05000000074505806, "time/fps": 672.0, "_runtime": 743.174290895462, "_step": 31, "train/learning_rate": 9.999999747378752e-05, "train/loss": 0.019627287983894348, "_wandb": {"runtime": 751}}