{"global_step": 107414, "_timestamp": 1684795977.4393668, "logger/episode_avg_trade_pnl": -0.0003257638600189239, "logger/episode_pnl": -3.834240674972534, "logger/episode_reward": -112.96998596191406, "rollout/ep_len_mean": 15344.857421875, "rollout/ep_rew_mean": -253.97386169433594, "rollout/exploration_rate": 0.05000000074505806, "time/fps": 955.0, "train/learning_rate": 9.999999747378752e-05, "train/loss": 0.003229438327252865, "_runtime": 123.03378486633301, "_step": 6, "_wandb": {"runtime": 155}}