{"global_step": 122286, "_timestamp": 1684760568.5267851, "logger/tb_logging": 5.999999976025183e-12, "rollout/ep_len_mean": 15285.75, "rollout/ep_rew_mean": -233.3443603515625, "rollout/exploration_rate": 0.05000000074505806, "time/fps": 940.0, "train/learning_rate": 9.999999747378752e-05, "train/loss": 0.012007104232907295, "_runtime": 139.84543418884277, "_step": 1, "_wandb": {"runtime": 163}}