{"global_step": 228500, "_timestamp": 1684769779.953353, "logger/episode_avg_trade_pnl": -0.0002803866227623075, "logger/episode_pnl": -2.7870430946350098, "logger/episode_reward": -97.9660415649414, "rollout/ep_len_mean": 15233.3330078125, "rollout/ep_rew_mean": -174.0960693359375, "rollout/exploration_rate": 0.05000000074505806, "time/fps": 755.0, "_runtime": 312.5446529388428, "_step": 14, "train/learning_rate": 9.999999747378752e-05, "train/loss": 0.002233648207038641, "_wandb": {"runtime": 321}}