{"global_step": 138663, "_timestamp": 1684770013.5331898, "logger/episode_avg_trade_pnl": -0.0003202624211553484, "logger/episode_pnl": -4.1986403465271, "logger/episode_reward": -180.9625244140625, "rollout/ep_len_mean": 15407.0, "rollout/ep_rew_mean": -238.85739135742188, "rollout/exploration_rate": 0.05000000074505806, "time/fps": 873.0, "train/learning_rate": 9.999999747378752e-05, "train/loss": 0.0028236275538802147, "_runtime": 168.48135685920715, "_step": 8, "_wandb": {"runtime": 212}}