{"global_step": 201178, "_timestamp": 1684770349.1350179, "logger/episode_avg_trade_pnl": -0.0005235766293480992, "logger/episode_pnl": -6.439992427825928, "logger/episode_reward": -161.9656524658203, "rollout/ep_len_mean": 15475.23046875, "rollout/ep_rew_mean": -196.73385620117188, "rollout/exploration_rate": 0.05000000074505806, "time/fps": 785.0, "_runtime": 266.0618369579315, "_step": 12, "train/learning_rate": 9.999999747378752e-05, "train/loss": 0.007626556791365147, "_wandb": {"runtime": 274}}