{"global_step": 14635, "_timestamp": 1684766663.0474, "logger/episode_avg_trade_pnl": -0.00020258822769392282, "logger/episode_pnl": -3.391326904296875, "logger/episode_reward": -386.9881286621094, "rollout/ep_len_mean": 14635.0, "rollout/ep_rew_mean": -386.9881286621094, "rollout/exploration_rate": 0.721934974193573, "time/fps": 728.0, "_runtime": 29.315680027008057, "_step": 0, "_wandb": {"runtime": 49}}