{"gradients/q_net.q_net.4.bias": {"_type": "histogram", "values": [1.0, 0.0, 0.0, 0.0, 0.0, 0.0, 0.0, 0.0, 1.0, 1.0, 0.0, 0.0, 0.0, 0.0, 0.0, 0.0, 0.0, 0.0, 0.0, 0.0, 0.0, 0.0, 0.0, 0.0, 0.0, 0.0, 0.0, 1.0, 0.0, 0.0, 0.0, 0.0, 0.0, 0.0, 0.0, 1.0, 0.0, 1.0, 0.0, 0.0, 0.0, 0.0, 2.0, 0.0, 0.0, 0.0, 1.0, 0.0, 1.0, 0.0, 1.0, 3.0, 1.0, 0.0, 0.0, 1.0, 0.0, 0.0, 0.0, 0.0, 0.0, 0.0, 0.0, 1.0], "bins": [-0.02295653522014618, -0.022512786090373993, -0.022069036960601807, -0.02162528783082962, -0.021181538701057434, -0.020737789571285248, -0.02029404044151306, -0.019850291311740875, -0.01940654218196869, -0.018962793052196503, -0.018519043922424316, -0.01807529479265213, -0.017631545662879944, -0.017187796533107758, -0.01674404740333557, -0.016300298273563385, -0.0158565491437912, -0.015412800945341587, -0.0149690518155694, -0.014525302685797215, -0.014081553556025028, -0.013637804426252842, -0.013194055296480656, -0.01275030616670847, -0.012306557968258858, -0.011862808838486671, -0.011419059708714485, -0.010975310578942299, -0.010531561449170113, -0.010087812319397926, -0.00964406318962574, -0.009200314059853554, -0.008756564930081367, -0.008312815800309181, -0.007869066670536995, -0.007425317540764809, -0.006981568410992622, -0.006537819281220436, -0.00609407015144825, -0.0056503210216760635, -0.005206571891903877, -0.004762823693454266, -0.004319074563682079, -0.003875325433909893, -0.0034315763041377068, -0.0029878271743655205, -0.002544078044593334, -0.002100328914821148, -0.0016565797850489616, -0.0012128306552767754, -0.0007690815255045891, -0.0003253323957324028, 0.00011841673403978348, 0.0005621653981506824, 0.0010059145279228687, 0.001449663657695055, 0.0018934127874672413, 0.0023371619172394276, 0.002780911047011614, 0.0032246599439531565, 0.0036684090737253428, 0.004112157970666885, 0.004555907100439072, 0.004999656230211258, 0.005443405359983444]}, "_timestamp": 1684693922.540352, "gradients/q_net.q_net.4.weight": {"_type": "histogram", "values": [1.0, 0.0, 0.0, 1.0, 1.0, 1.0, 1.0, 0.0, 0.0, 1.0, 0.0, 0.0, 0.0, 3.0, 0.0, 2.0, 1.0, 2.0, 1.0, 2.0, 1.0, 0.0, 2.0, 5.0, 2.0, 2.0, 1.0, 1.0, 0.0, 3.0, 1.0, 0.0, 0.0, 1.0, 2.0, 0.0, 2.0, 6.0, 2.0, 3.0, 3.0, 8.0, 12.0, 11.0, 15.0, 16.0, 39.0, 905.0, 13.0, 2.0, 2.0, 0.0, 0.0, 0.0, 0.0, 3.0, 0.0, 2.0, 0.0, 2.0, 1.0, 0.0, 1.0, 2.0], "bins": [-0.9604372382164001, -0.9402666687965393, -0.9200961589813232, -0.8999255895614624, -0.8797550201416016, -0.8595844507217407, -0.8394139409065247, -0.8192433714866638, -0.799072802066803, -0.7789022922515869, -0.7587317228317261, -0.7385611534118652, -0.7183905839920044, -0.6982200145721436, -0.6780495047569275, -0.6578789353370667, -0.6377084255218506, -0.6175378561019897, -0.5973672866821289, -0.5771967172622681, -0.5570261478424072, -0.5368556380271912, -0.5166850686073303, -0.49651452898979187, -0.4763439893722534, -0.4561734199523926, -0.43600285053253174, -0.4158323407173157, -0.39566177129745483, -0.375491201877594, -0.35532063245773315, -0.3351501226425171, -0.31497952342033386, -0.294808954000473, -0.27463844418525696, -0.2544678747653961, -0.23429730534553528, -0.21412673592567444, -0.19395622611045837, -0.17378565669059753, -0.1536150872707367, -0.13344454765319824, -0.11327400803565979, -0.09310343861579895, -0.0729328989982605, -0.05276232957839966, -0.032591789960861206, -0.012421220541000366, 0.007749319076538086, 0.027919858694076538, 0.04809042811393738, 0.06826096773147583, 0.08843153715133667, 0.10860207676887512, 0.12877263128757477, 0.14894318580627441, 0.16911374032497406, 0.1892842948436737, 0.20945484936237335, 0.229625403881073, 0.24979594349861145, 0.2699665129184723, 0.29013705253601074, 0.3103076219558716, 0.33047816157341003]}, "gradients/q_net.q_net.2.bias": {"_type": "histogram", "values": [1.0, 0.0, 0.0, 0.0, 0.0, 1.0, 0.0, 0.0, 0.0, 0.0, 0.0, 0.0, 0.0, 0.0, 0.0, 0.0, 0.0, 0.0, 0.0, 0.0, 0.0, 0.0, 0.0, 1.0, 0.0, 1.0, 0.0, 1.0, 0.0, 0.0, 0.0, 1.0, 0.0, 0.0, 0.0, 2.0, 1.0, 0.0, 0.0, 0.0, 2.0, 0.0, 0.0, 0.0, 2.0, 1.0, 0.0, 1.0, 1.0, 4.0, 3.0, 4.0, 29.0, 3.0, 1.0, 0.0, 0.0, 1.0, 1.0, 0.0, 1.0, 0.0, 0.0, 1.0], "bins": [-0.007276949472725391, -0.0071375081315636635, -0.006998066324740648, -0.00685862498357892, -0.006719183176755905, -0.006579741835594177, -0.006440300028771162, -0.006300858687609434, -0.006161416880786419, -0.006021975539624691, -0.005882534198462963, -0.005743092391639948, -0.00560365105047822, -0.005464209243655205, -0.005324767902493477, -0.005185326561331749, -0.005045884754508734, -0.0049064429476857185, -0.004767001606523991, -0.004627560265362263, -0.0044881184585392475, -0.00434867711737752, -0.004209235310554504, -0.0040697939693927765, -0.003930352628231049, -0.0037909108214080334, -0.003651469247415662, -0.0035120276734232903, -0.0033725863322615623, -0.003233144525438547, -0.0030937031842768192, -0.002954261377453804, -0.002814819570630789, -0.002675378229469061, -0.0025359364226460457, -0.0023964950814843178, -0.0022570532746613026, -0.0021176119334995747, -0.001978170359507203, -0.0018387287855148315, -0.00169928721152246, -0.0015598456375300884, -0.0014204040635377169, -0.0012809624895453453, -0.0011415211483836174, -0.0010020795743912458, -0.0008626380003988743, -0.0007231964264065027, -0.0005837548524141312, -0.0004443132784217596, -0.00030487170442938805, -0.00016543024685233831, -2.5988672859966755e-05, 0.0001134529011324048, 0.00025289435870945454, 0.0003923359327018261, 0.0005317775066941977, 0.0006712190806865692, 0.0008106605964712799, 0.0009501021122559905, 0.001089543686248362, 0.0012289852602407336, 0.0013684267178177834, 0.001507868291810155, 0.0016473098658025265]}, "gradients/q_net.q_net.2.weight": {"_type": "histogram", "values": [1.0, 0.0, 0.0, 0.0, 0.0, 0.0, 0.0, 0.0, 0.0, 1.0, 0.0, 0.0, 0.0, 0.0, 0.0, 0.0, 0.0, 0.0, 0.0, 0.0, 0.0, 0.0, 0.0, 0.0, 1.0, 0.0, 1.0, 0.0, 2.0, 0.0, 1.0, 0.0, 0.0, 1.0, 3.0, 1.0, 1.0, 3.0, 1.0, 0.0, 2.0, 2.0, 5.0, 5.0, 1.0, 9.0, 3.0, 7.0, 8.0, 9.0, 28.0, 3959.0, 16.0, 11.0, 5.0, 2.0, 2.0, 4.0, 0.0, 0.0, 0.0, 0.0, 0.0, 1.0], "bins": [-1.4407145977020264, -1.4128574132919312, -1.385000228881836, -1.3571431636810303, -1.329285979270935, -1.3014287948608398, -1.2735716104507446, -1.2457144260406494, -1.2178573608398438, -1.1900001764297485, -1.1621429920196533, -1.1342859268188477, -1.106428623199463, -1.0785715579986572, -1.050714373588562, -1.0228571891784668, -0.9950000643730164, -0.9671429395675659, -0.9392857551574707, -0.9114285707473755, -0.883571445941925, -0.8557142615318298, -0.8278571367263794, -0.7999999523162842, -0.772142767906189, -0.7442856431007385, -0.7164284586906433, -0.6885713338851929, -0.6607141494750977, -0.6328570246696472, -0.604999840259552, -0.5771427154541016, -0.5492855310440063, -0.5214283466339111, -0.4935712516307831, -0.46571406722068787, -0.4378569424152374, -0.4099997580051422, -0.3821426331996918, -0.35428544878959656, -0.3264283239841461, -0.2985711395740509, -0.2707139551639557, -0.24285683035850525, -0.21499964594841003, -0.1871425211429596, -0.15928533673286438, -0.13142818212509155, -0.10357102751731873, -0.0757138729095459, -0.04785671830177307, -0.019999563694000244, 0.007857590913772583, 0.0357147753238678, 0.06357192993164062, 0.09142908453941345, 0.11928623914718628, 0.1471433937549591, 0.17500054836273193, 0.20285771787166595, 0.23071487247943878, 0.2585720419883728, 0.28642919659614563, 0.31428635120391846, 0.3421435058116913]}, "gradients/q_net.q_net.0.bias": {"_type": "histogram", "values": [1.0, 0.0, 0.0, 0.0, 0.0, 0.0, 0.0, 0.0, 0.0, 0.0, 0.0, 0.0, 0.0, 0.0, 0.0, 0.0, 0.0, 1.0, 0.0, 0.0, 0.0, 0.0, 0.0, 0.0, 0.0, 0.0, 0.0, 0.0, 0.0, 0.0, 0.0, 0.0, 0.0, 0.0, 0.0, 1.0, 0.0, 0.0, 0.0, 0.0, 0.0, 0.0, 0.0, 0.0, 0.0, 0.0, 0.0, 0.0, 0.0, 1.0, 0.0, 0.0, 0.0, 0.0, 0.0, 0.0, 1.0, 0.0, 1.0, 0.0, 2.0, 1.0, 1.0, 54.0],