{"global_step": 493876, "_timestamp": 1684758761.6757991, "rollout/ep_len_mean": 15433.625, "rollout/ep_rew_mean": -156.4284210205078, "rollout/exploration_rate": 0.05000000074505806, "time/fps": 670.0, "train/learning_rate": 9.999999747378752e-05, "train/loss": 0.0013433429412543774, "_runtime": 744.7274391651154, "_step": 7, "_wandb": {"runtime": 753}}